{
  "project_info": {
    "project_number": "231507997107",
    "firebase_url": "https://time-swap-2665a.firebaseio.com",
    "project_id": "time-swap-2665a",
    "storage_bucket": "time-swap-2665a.appspot.com"
  },
  "client": [
    {
      "client_info": {
        "mobilesdk_app_id": "1:231507997107:android:28c1cde26726b311",
        "android_client_info": {
          "package_name": "com.example.eric.timeswap"
        }
      },
      "oauth_client": [
        {
          "client_id": "231507997107-180c99u5tl85husl4d1sglae312d7rks.apps.googleusercontent.com",
          "client_type": 3
        }
      ],
      "api_key": [
        {
          "current_key": "AIzaSyDBE4oEkGid2_gpyo5f06BvVAeEXLy6Ih4"
        }
      ],
      "services": {
        "analytics_service": {
          "status": 1
        },
        "appinvite_service": {
          "status": 1,
          "other_platform_oauth_client": []
        },
        "ads_service": {
          "status": 2
        }
      }
    }
  ],
  "configuration_version": "1"
}